prodcode,gemscriptcode,productname,drugsubstancename,substancestrength,formulation,routeofadministration,bnfcode,bnfheader
55161,77882020,Clopidogrel 75mg tablets (Wockhardt UK Ltd),Clopidogrel,75mg,Tablet,Oral,2090000,Antiplatelet Drugs
47895,99285020,Brilique 90mg tablets (AstraZeneca UK Ltd),Ticagrelor,90mg,Tablet,Oral,2090000,Antiplatelet Drugs
36543,69425020,Aspirin 100mg effervescent tablets,Aspirin,100mg,Tablets,Oral,2090000,Antiplatelet Drugs
489,83784020,Clopidogrel 75mg tablets,Clopidogrel,75mg,Tablet,Oral,2090000,Antiplatelet Drugs
771,62694020,Dipyridamole 25mg tablets,Dipyridamole,25mg,Tablet,Oral,2090000,Antiplatelet Drugs
59728,2351020,Aspirin 75mg tablets (Alissa Healthcare Research Ltd),Aspirin,75mg,Tablet,Oral,2090000,Antiplatelet Drugs
52905,8031020,Aspirin 300mg tablets (Lloyds Pharmacy Ltd),Aspirin,300mg,Tablet,Oral,02090000/04070100,Antiplatelet Drugs/Non-opioid And Compound Analgesics
29759,81579020,Aspro Tablet (Roche Consumer Health),Aspirin,,Tablet,Oral,02090000/04070100,Antiplatelet Drugs/Non-opioid And Compound Analgesics
53622,63567020,Aspirin 300mg Tablet (M & A Pharmachem Ltd),Aspirin,300mg,Tablet,Oral,02090000/04070100,Antiplatelet Drugs/Non-opioid And Compound Analgesics
43709,69677020,Aspirin 75mg gastro-resistant tablets (Almus Pharmaceuticals Ltd),Aspirin,75mg,Gastro-resistant tablet,Oral,2090000,Antiplatelet Drugs
34434,57295020,Aspirin 75mg dispersible tablets (Thornton & Ross Ltd),Aspirin,75mg,Dispersible tablet,Oral,2090000,Antiplatelet Drugs
393,73356020,Disprin 300mg dispersible tablets (Reckitt Benckiser Healthcare (UK) Ltd),Aspirin,300mg,Dispersible tablet,Oral,02090000/04070100,Antiplatelet Drugs/Non-opioid And Compound Analgesics
53804,4190020,Aspirin 300mg gastro-resistant tablets (Alliance Healthcare (Distribution) Ltd),Aspirin,300mg,Gastro-resistant tablet,Oral,02090000/04070100,Antiplatelet Drugs/Non-opioid And Compound Analgesics
43434,59945020,Aspirin 300mg gastro-resistant tablets (A A H Pharmaceuticals Ltd),Aspirin,300mg,Gastro-resistant tablet,Oral,02090000/04070100,Antiplatelet Drugs/Non-opioid And Compound Analgesics
48165,61768020,Aspirin 300mg tablets (Aspar Pharmaceuticals Ltd),Aspirin,300mg,Tablet,Oral,02090000/04070100,Antiplatelet Drugs/Non-opioid And Compound Analgesics
40913,97373020,Grepid 75mg tablets (Beacon Pharmaceuticals Ltd),Clopidogrel,75mg,Tablet,Oral,2090000,Antiplatelet Drugs
572,84320020,Ticlopidine 250mg tablets,Ticlopidine hydrochloride,250mg,Tablet,Oral,2090000,Antiplatelet Drugs
52761,2384020,Clopidogrel 75mg tablets (Dr Reddy's Laboratories (UK) Ltd),Clopidogrel,75mg,Tablet,Oral,2090000,Antiplatelet Drugs
377,54360020,Aspirin 300mg dispersible tablets,Aspirin,300mg,Dispersible tablet,Oral,02090000/04070100,Antiplatelet Drugs/Non-opioid And Compound Analgesics
54284,69594020,Aspirin 75mg dispersible tablets (Almus Pharmaceuticals Ltd),Aspirin,75mg,Dispersible tablet,Oral,2090000,Antiplatelet Drugs
10310,52556020,Aspirin powder,Aspirin,1mg/1mg,Not applicable,Route of administration not applicable,02090000/04070100/50030000,Antiplatelet Drugs/Non-opioid And Compound Analgesics/Extemporaneous Item
37541,70379020,Aspirin 227mg medicated chewing-gum,Aspirin,227mg,Chewing Gum,Oromucosal,02090000/04070100,Antiplatelet Drugs/Non-opioid And Compound Analgesics
254,54359020,Aspirin 300mg tablets,Aspirin,300mg,Tablet,Oral,02090000/04070100,Antiplatelet Drugs/Non-opioid And Compound Analgesics
31954,53701020,Aspirin 75mg dispersible tablets (Teva UK Ltd),Aspirin,75mg,Dispersible tablet,Oral,2090000,Antiplatelet Drugs
45851,55399020,Aspirin 300mg Soluble tablet (Ranbaxy (UK) Ltd),Aspirin,300mg,Dispersible tablet,Oral,02090000/04070100,Antiplatelet Drugs/Non-opioid And Compound Analgesics
42750,77086020,Clopidogrel 75mg tablets (Actavis UK Ltd),Clopidogrel,75mg,Tablet,Oral,2090000,Antiplatelet Drugs
59904,16245021,Clopidogrel 75mg/5ml oral solution,Clopidogrel hydrogen sulfate,15mg/1ml,Oral solution,Oral,2090000,Antiplatelet Drugs
62707,2329020,Dipyridamole 25mg tablets (Alliance Healthcare (Distribution) Ltd),Dipyridamole,25mg,Tablet,Oral,2090000,Antiplatelet Drugs
56007,8040020,Aspirin 300mg dispersible tablets (Sigma Pharmaceuticals Plc),Aspirin,300mg,Dispersible tablet,Oral,02090000/04070100,Antiplatelet Drugs/Non-opioid And Compound Analgesics
40114,96706020,Prasugrel 5mg tablets,Prasugrel hydrochloride,5mg,Tablet,Oral,2090000,Antiplatelet Drugs
25232,70665020,Vasyrol cold sore 100mg Tablet (Shire Pharmaceuticals Ltd),Dipyridamole,100mg,Tablet,Oral,2090000,Antiplatelet Drugs
25718,72645020,Angettes 75 tablets (Bristol-Myers Squibb Pharmaceuticals Ltd),Aspirin,75mg,Tablet,Oral,02090000/04070100,Antiplatelet Drugs/Non-opioid And Compound Analgesics
10305,68710020,Aspirin 162.5mg capsules,Aspirin,162.5mg,Capsules,Oral,02090000/04070100,Antiplatelet Drugs/Non-opioid And Compound Analgesics
49685,2346020,Aspirin 75mg dispersible tablets (Sigma Pharmaceuticals Plc),Aspirin,75mg,Dispersible tablet,Oral,2090000,Antiplatelet Drugs
22232,75436020,Disprin Direct 300mg orodispersible tablets (Reckitt Benckiser Healthcare (UK) Ltd),Aspirin,300mg,Orodispersible tablet,Oral,02090000/04070100,Antiplatelet Drugs/Non-opioid And Compound Analgesics
59253,47190020,Aspirin 75mg gastro-resistant tablets (Waymade Healthcare Plc),Aspirin,75mg,Gastro-resistant tablet,Oral,2090000,Antiplatelet Drugs
35809,81624020,Tirofiban hydrochloride 12.5mg/250ml infusion bags,Tirofiban hydrochloride,50microgram/1ml,Infusion,Intravenous,2090000,Antiplatelet Drugs
41229,96712020,Efient 10mg tablets (Eli Lilly and Company Ltd),Prasugrel hydrochloride,10mg,Tablet,Oral,2090000,Antiplatelet Drugs
32036,48769020,Aspirin 75mg dispersible tablets (Actavis UK Ltd),Aspirin,75mg,Dispersible tablet,Oral,2090000,Antiplatelet Drugs
34386,48771020,Aspirin 300mg tablets (Actavis UK Ltd),Aspirin,300mg,Tablet,Oral,02090000/04070100,Antiplatelet Drugs/Non-opioid And Compound Analgesics
15364,75038020,Aspirin 150mg suppositories,Aspirin,150mg,Suppository,Rectal,02090000/04070100,Antiplatelet Drugs/Non-opioid And Compound Analgesics
56503,2365020,Asasantin Retard capsules (Mawdsley-Brooks & Company Ltd),Dipyridamole/Aspirin,200mg + 25mg,Modified-release capsule,Oral,2090000,Antiplatelet Drugs
1902,70337020,Aspirn 600mg gastro-resistant tablets,Aspirin,600mg,Gastro-resistant Tablets,Oral,02090000/04070100,Antiplatelet Drugs/Non-opioid And Compound Analgesics
21019,79640020,ReoPro 10mg/5ml solution for injection vials (Eli Lilly and Company Ltd),Abciximab,2mg/1ml,Solution for injection,Intravenous,2090000,Antiplatelet Drugs
1049,50796020,Nu-seals aspirin 600mg Tablet (Eli Lilly and Company Ltd),Aspirin,600mg,Tablet,Oral,02090000/04070100,Antiplatelet Drugs/Non-opioid And Compound Analgesics
33877,84545020,Aggrastat 12.5mg/250ml infusion bags (Correvio GmbH),Tirofiban hydrochloride,50microgram/1ml,Infusion,Intravenous,2090000,Antiplatelet Drugs
52044,8034020,Aspirin 300mg caplets (The Boots Company Plc),Aspirin,300mg,Tablet,Oral,02090000/04070100,Antiplatelet Drugs/Non-opioid And Compound Analgesics
59244,44166020,Aspirin 100mg capsules,,,,,02090000/04070100,Antiplatelet Drugs/Non-opioid And Compound Analgesics
53791,4199020,Aspirin 150mg suppositories (Alliance Healthcare (Distribution) Ltd),Aspirin,150mg,Suppository,Rectal,02090000/04070100,Antiplatelet Drugs/Non-opioid And Compound Analgesics
18329,84994020,Enprin 75mg gastro-resistant tablets (Galpharm International Ltd),Aspirin,75mg,Gastro-resistant tablet,Oral,02090000/04070100,Antiplatelet Drugs/Non-opioid And Compound Analgesics
4679,85728020,Asasantin Retard capsules (Boehringer Ingelheim Ltd),Dipyridamole/Aspirin,200mg + 25mg,Modified-release capsule,Oral,2090000,Antiplatelet Drugs
64837,29679021,Ofcram PR 200mg capsules (Focus Pharmaceuticals Ltd),Dipyridamole,200mg,Modified-release capsule,Oral,2090000,Antiplatelet Drugs
45840,56069020,Aspirin 300mg Dispersible tablet (Numark Management Ltd),Aspirin,300mg,Dispersible tablet,Oral,02090000/04070100,Antiplatelet Drugs/Non-opioid And Compound Analgesics
34385,54012020,Aspirin 75mg Soluble tablet (Co-operative),Aspirin,75mg,Dispersible tablet,Oral,2090000,Antiplatelet Drugs
836,83768020,Plavix 75mg tablets (Sanofi),Clopidogrel,75mg,Tablet,Oral,2090000,Antiplatelet Drugs
5882,84976020,Dipyridamole 50mg/5ml oral suspension sugar free,Dipyridamole,10mg/1ml,Oral suspension,Oral,2090000,Antiplatelet Drugs
34709,51223020,Dipyridamole 100mg tablets (A A H Pharmaceuticals Ltd),Dipyridamole,100mg,Tablet,Oral,2090000,Antiplatelet Drugs
60605,51224020,Dipyridamole 25mg tablets (A A H Pharmaceuticals Ltd),Dipyridamole,25mg,Tablet,Oral,2090000,Antiplatelet Drugs
60694,30279020,Aspirin 25mg/5ml oral solution,Aspirin,5mg/1ml,Oral solution,Oral,02090000/04070100/04070401/10010100,Antiplatelet Drugs/Non-opioid And Compound Analgesics/Treatment Of Acute Migraine/Non-steroidal Anti-inflammatory Drugs
32992,62496020,Aspirin 75mg gastro-resistant tablets (Mylan Ltd),Aspirin,75mg,Gastro-resistant tablet,Oral,2090000,Antiplatelet Drugs
24025,70471020,Caprin 300mg gastro-resistant tablets (Pinewood Healthcare),Aspirin,300mg,Gastro-resistant tablet,Oral,02090000/04070100,Antiplatelet Drugs/Non-opioid And Compound Analgesics
45905,99683020,Clopidogrel 1mg/ml oral suspension,Clopidogrel,1mg/ml,Oral Liquid,Oral,2090000,Antiplatelet Drugs
41512,59216020,Aspirin 75mg gastro-resistant tablets (Teva UK Ltd),Aspirin,75mg,Gastro-resistant tablet,Oral,2090000,Antiplatelet Drugs
35108,91810020,Dipyridamole 100mg/5ml oral suspension,Dipyridamole,20mg/1ml,Oral suspension,Oral,2090000,Antiplatelet Drugs
34,52995020,Aspirin 75mg gastro-resistant tablets,Aspirin,75mg,Gastro-resistant tablet,Oral,2090000,Antiplatelet Drugs
46976,65447020,Dipyridamole 100mg tablets (Kent Pharmaceuticals Ltd),Dipyridamole,100mg,Tablet,Oral,2090000,Antiplatelet Drugs
53178,76832020,Aspirin 75mg gastro-resistant tablets (Wockhardt UK Ltd),Aspirin,75mg,Gastro-resistant tablet,Oral,2090000,Antiplatelet Drugs
18217,78272020,Aspirin 300mg orodispersible tablets sugar free,Aspirin,300mg,Orodispersible tablet,Oral,02090000/04070100,Antiplatelet Drugs/Non-opioid And Compound Analgesics
40591,96710020,Efient 5mg tablets (Eli Lilly and Company Ltd),Prasugrel hydrochloride,5mg,Tablet,Oral,2090000,Antiplatelet Drugs
9144,80899020,Caprin 75mg gastro-resistant tablets (Wockhardt UK Ltd),Aspirin,75mg,Gastro-resistant tablet,Oral,02090000/04070100,Antiplatelet Drugs/Non-opioid And Compound Analgesics
55230,63295020,Aspirin 300mg dispersible tablets (Kent Pharmaceuticals Ltd),Aspirin,300mg,Dispersible tablet,Oral,02090000/04070100,Antiplatelet Drugs/Non-opioid And Compound Analgesics
21989,63357020,Cerebrovase 100mg Tablet (Ashbourne Pharmaceuticals Ltd),Dipyridamole,100mg,Tablet,Oral,2090000,Antiplatelet Drugs
50555,8038020,Aspirin 300mg dispersible tablets (DE Pharmaceuticals),Aspirin,300mg,Dispersible tablet,Oral,02090000/04070100,Antiplatelet Drugs/Non-opioid And Compound Analgesics
22138,70461020,Aspirin 324mg modified-release tablets,Aspirin,324mg,Modified Release Tablet,Oral,2090000,Antiplatelet Drugs
6666,85724020,Dipyridamole 200mg modified-release / Aspirin 25mg capsules,Dipyridamole/Aspirin,200mg + 25mg,Modified-release capsule,Oral,2090000,Antiplatelet Drugs
41569,48776020,Aspirin 300mg tablets (A A H Pharmaceuticals Ltd),Aspirin,300mg,Tablet,Oral,02090000/04070100,Antiplatelet Drugs/Non-opioid And Compound Analgesics
31858,86558020,Caspac xl 162.5mg Capsule (Pharmacia Ltd),Aspirin,162.5mg,Capsule,Oral,02090000/04070100,Antiplatelet Drugs/Non-opioid And Compound Analgesics
30554,79642020,Abciximab 10mg/5ml solution for injection vials,Abciximab,2mg/1ml,Solution for injection,Intravenous,2090000,Antiplatelet Drugs
8645,69426020,Aspirin 300mg effervescent tablets,Aspirin,300mg,Tablets,Oral,02090000/04070100,Antiplatelet Drugs/Non-opioid And Compound Analgesics
34485,58873020,Aspirin 75mg gastro-resistant tablets (IVAX Pharmaceuticals UK Ltd),Aspirin,75mg,Gastro-resistant tablet,Oral,2090000,Antiplatelet Drugs
60127,16678021,Aspirin 75mg tablets (DE Pharmaceuticals),Aspirin,75mg,Tablet,Oral,2090000,Antiplatelet Drugs
48000,62226020,Aspirin 300mg tablets (Sigma Pharmaceuticals Plc),Aspirin,300mg,Tablet,Oral,02090000/04070100,Antiplatelet Drugs/Non-opioid And Compound Analgesics
645,75037020,Aspirin 300mg suppositories,Aspirin,300mg,Suppository,Rectal,02090000/04070100,Antiplatelet Drugs/Non-opioid And Compound Analgesics
30975,74843020,Modaplate 25mg Tablet (Berk Pharmaceuticals Ltd),Dipyridamole,25mg,Tablet,Oral,2090000,Antiplatelet Drugs
52618,2347020,Aspirin 75mg dispersible tablets (Bristol Laboratories Ltd),Aspirin,75mg,Dispersible tablet,Oral,2090000,Antiplatelet Drugs
33293,62271020,Aspirin 75mg gastro-resistant tablets (Sterwin Medicines),Aspirin,75mg,Gastro-resistant tablet,Oral,2090000,Antiplatelet Drugs
32210,48770020,Aspirin 300mg dispersible tablets (Actavis UK Ltd),Aspirin,300mg,Dispersible tablet,Oral,02090000/04070100,Antiplatelet Drugs/Non-opioid And Compound Analgesics
2628,50797020,Nu-seals aspirin ec 75mg Gastro-resistant tablet (Eli Lilly and Company Ltd),Aspirin,75mg,Gastro-resistant tablet,Oral,2090000,Antiplatelet Drugs
34309,48775020,Aspirin 300mg dispersible tablets (A A H Pharmaceuticals Ltd),Aspirin,300mg,Dispersible tablet,Oral,02090000/04070100,Antiplatelet Drugs/Non-opioid And Compound Analgesics
30920,63543020,Aspirin 300mg Dispersible tablet (M & A Pharmachem Ltd),Aspirin,300mg,Dispersible tablet,Oral,02090000/04070100,Antiplatelet Drugs/Non-opioid And Compound Analgesics
63450,46327020,Clopidogrel 75mg tablets (Almus Pharmaceuticals Ltd),Clopidogrel,75mg,Tablet,Oral,2090000,Antiplatelet Drugs
62978,23054021,Clopidogrel 75mg tablets (Sandoz Ltd),Clopidogrel,75mg,Tablet,Oral,2090000,Antiplatelet Drugs
57057,2350020,Aspirin 75mg dispersible tablets (Wockhardt UK Ltd),Aspirin,75mg,Dispersible tablet,Oral,2090000,Antiplatelet Drugs
38349,94934020,Clopidogrel 300mg tablets,Clopidogrel hydrogen sulfate,300mg,Tablet,Oral,2090000,Antiplatelet Drugs
33668,62403020,Aspirin 300mg Dispersible tablet (Rusco Ltd),Aspirin,300mg,Dispersible tablet,Oral,02090000/04070100,Antiplatelet Drugs/Non-opioid And Compound Analgesics
54997,2344020,Aspirin 75mg dispersible tablets (Dowelhurst Ltd),Aspirin,75mg,Dispersible tablet,Oral,2090000,Antiplatelet Drugs
53711,66390020,Aspirin 300mg Tablet (Nucare Plc),Aspirin,300mg,Tablet,Oral,02090000/04070100,Antiplatelet Drugs/Non-opioid And Compound Analgesics
50949,2353020,Aspirin 75mg tablets (A A H Pharmaceuticals Ltd),Aspirin,75mg,Tablet,Oral,2090000,Antiplatelet Drugs
64929,19765020,Dipyridamole 200mg/5ml oral suspension,Dipyridamole,40mg/1ml,Oral suspension,Oral,2090000,Antiplatelet Drugs
57036,77043020,Clopidogrel 75mg tablets (Mylan Ltd),Clopidogrel,75mg,Tablet,Oral,2090000,Antiplatelet Drugs
43679,96736020,Flamasacard 162.5mg Modified-release capsule (Abbey Pharmaceuticals Ltd),Aspirin,162.5mg,Modified-release Capsule,Oral,2090000,Antiplatelet Drugs
33676,63290020,Aspirin 75mg dispersible tablets (Kent Pharmaceuticals Ltd),Aspirin,75mg,Dispersible tablet,Oral,2090000,Antiplatelet Drugs
17449,56792020,Ticlid 250mg tablets (Sanofi-Synthelabo Ltd),Ticlopidine hydrochloride,250mg,Tablet,Oral,2090000,Antiplatelet Drugs
17704,69134020,Platet 100mg Effervescent tablet (Roche Products Ltd),Aspirin,100mg,Effervescent Tablet,Oral,2090000,Antiplatelet Drugs
9939,68708020,Aspirin 500mg effervescent tablets sugar free,Aspirin,500mg,Effervescent tablet,Oral,02090000/04070100,Antiplatelet Drugs/Non-opioid And Compound Analgesics
8185,74303020,Disprin CV 300mg modified-release tablets (Reckitt Benckiser Healthcare (UK) Ltd),Aspirin,300mg,Modified-release tablet,Oral,02090000/04070100,Antiplatelet Drugs/Non-opioid And Compound Analgesics
49799,4200020,Aspirin 150mg suppositories (A A H Pharmaceuticals Ltd),Aspirin,150mg,Suppository,Rectal,02090000/04070100,Antiplatelet Drugs/Non-opioid And Compound Analgesics
49060,2342020,Aspirin 75mg dispersible tablets (Alliance Healthcare (Distribution) Ltd),Aspirin,75mg,Dispersible tablet,Oral,2090000,Antiplatelet Drugs
1137,50795020,Nu-seals aspirin ec 300mg Gastro-resistant tablet (Eli Lilly and Company Ltd),Aspirin,300mg,Gastro-resistant tablet,Oral,02090000/04070100,Antiplatelet Drugs/Non-opioid And Compound Analgesics
59021,2361020,Aspirin 75mg gastro-resistant tablets (Bristol Laboratories Ltd),Aspirin,75mg,Gastro-resistant tablet,Oral,2090000,Antiplatelet Drugs
54734,74953020,Aspirin 300mg tablets (Wockhardt UK Ltd),Aspirin,300mg,Tablet,Oral,02090000/04070100,Antiplatelet Drugs/Non-opioid And Compound Analgesics
34942,66393020,Aspirin 75mg Dispersible tablet (Nucare Plc),Aspirin,75mg,Dispersible tablet,Oral,2090000,Antiplatelet Drugs
45576,99283020,Ticagrelor 90mg tablets,Ticagrelor,90mg,Tablet,Oral,2090000,Antiplatelet Drugs
2105,58313020,Solprin 300mg Tablet (Reckitt Benckiser Healthcare (UK) Ltd),Aspirin,300mg,Dispersible tablet,Oral,02090000/04070100,Antiplatelet Drugs/Non-opioid And Compound Analgesics
60777,16679021,Aspirin 75mg gastro-resistant tablets (DE Pharmaceuticals),Aspirin,75mg,Gastro-resistant tablet,Oral,2090000,Antiplatelet Drugs
24960,56223020,Aspirin 300mg tablets (Vantage),Aspirin,300mg,Tablet,Oral,02090000/04070100,Antiplatelet Drugs/Non-opioid And Compound Analgesics
31953,58872020,Aspirin 75mg dispersible tablets (IVAX Pharmaceuticals UK Ltd),Aspirin,75mg,Dispersible tablet,Oral,2090000,Antiplatelet Drugs
30976,74842020,Modaplate 100mg Tablet (Berk Pharmaceuticals Ltd),Dipyridamole,100mg,Tablet,Oral,2090000,Antiplatelet Drugs
40144,51004020,Aspirin 300mg Dispersible tablet (Thornton & Ross Ltd),Aspirin,300mg,Dispersible tablet,Oral,02090000/04070100,Antiplatelet Drugs/Non-opioid And Compound Analgesics
43806,57869020,Aspirin 300mg gastro-resistant tablets (Sandoz Ltd),Aspirin,300mg,Gastro-resistant tablet,Oral,02090000/04070100,Antiplatelet Drugs/Non-opioid And Compound Analgesics
1814,62695020,Dipyridamole 100mg tablets,Dipyridamole,100mg,Tablet,Oral,2090000,Antiplatelet Drugs
62855,2375020,Clopidogrel 75mg tablets (Alliance Healthcare (Distribution) Ltd),Clopidogrel,75mg,Tablet,Oral,2090000,Antiplatelet Drugs
34762,59131020,Aspirin 300mg Gastro-resistant tablet (Galen Ltd),Aspirin,300mg,Gastro-resistant tablet,Oral,02090000/04070100,Antiplatelet Drugs/Non-opioid And Compound Analgesics
62430,4196020,Aspirin 300mg suppositories (A A H Pharmaceuticals Ltd),Aspirin,300mg,Suppository,Rectal,02090000/04070100,Antiplatelet Drugs/Non-opioid And Compound Analgesics
39738,96734020,Aspirin 162.5mg modified-release capsules,Aspirin,162.5mg,Modified Release Capsules,Oral,2090000,Antiplatelet Drugs
28810,70466020,Aspirin 300mg with Glycine 133mg soluble tablets,Aspirin,300mg + 133mg,Dissolving Tablets,Oral,02090000/04070100,Antiplatelet Drugs/Non-opioid And Compound Analgesics
22618,59214020,Solprin 75mg Tablet (Reckitt Benckiser Healthcare (UK) Ltd),Aspirin,75mg,Dispersible tablet,Oral,2090000,Antiplatelet Drugs
714,62696020,Dipyridamole 200mg modified-release capsules,Dipyridamole,200mg,Modified-release capsule,Oral,2090000,Antiplatelet Drugs
54430,2352020,Aspirin 75mg tablets (Alliance Healthcare (Distribution) Ltd),Aspirin,75mg,Tablet,Oral,2090000,Antiplatelet Drugs
33656,48774020,Aspirin 75mg dispersible tablets (A A H Pharmaceuticals Ltd),Aspirin,75mg,Dispersible tablet,Oral,2090000,Antiplatelet Drugs
44639,66396020,Aspirin 300mg Dispersible tablet (Nucare Plc),Aspirin,300mg,Dispersible tablet,Oral,02090000/04070100,Antiplatelet Drugs/Non-opioid And Compound Analgesics
19189,82090020,Micropirin 75mg Gastro-resistant tablet (Ratiopharm UK Ltd),Aspirin,75mg,Gastro-resistant tablet,Oral,2090000,Antiplatelet Drugs
41594,53703020,Aspirin 300mg Dispersible tablet (Teva UK Ltd),Aspirin,300mg,Dispersible tablet,Oral,02090000/04070100,Antiplatelet Drugs/Non-opioid And Compound Analgesics
16,72648020,Aspirin 75mg tablets,Aspirin,75mg,Tablet,Oral,2090000,Antiplatelet Drugs
34796,59128020,Aspirin 75mg Gastro-resistant tablet (Galen Ltd),Aspirin,75mg,Gastro-resistant tablet,Oral,2090000,Antiplatelet Drugs
60278,16783021,Aspirin 300mg tablets (DE Pharmaceuticals),Aspirin,300mg,Tablet,Oral,02090000/04070100,Antiplatelet Drugs/Non-opioid And Compound Analgesics
39932,96708020,Prasugrel 10mg tablets,Prasugrel hydrochloride,10mg,Tablet,Oral,2090000,Antiplatelet Drugs
51358,60705020,Dipyridamole 100mg tablets (Mylan Ltd),Dipyridamole,100mg,Tablet,Oral,2090000,Antiplatelet Drugs
59791,68788020,Aspirin 75mg dispersible tablets (Aspar Pharmaceuticals Ltd),Aspirin,75mg,Dispersible tablet,Oral,2090000,Antiplatelet Drugs
31210,54011020,Aspirin 300mg Tablet (Co-operative),Aspirin,300mg,Tablet,Oral,02090000/04070100,Antiplatelet Drugs/Non-opioid And Compound Analgesics
17920,74302020,Disprin cv 100mg Modified-release tablet (Reckitt Benckiser Healthcare (UK) Ltd),Aspirin,100mg,Modified-release Tablet,Oral,2090000,Antiplatelet Drugs
6007,84144020,Nu-Seals 300 gastro-resistant tablets (Alliance Pharmaceuticals Ltd),Aspirin,300mg,Gastro-resistant tablet,Oral,02090000/04070100,Antiplatelet Drugs/Non-opioid And Compound Analgesics
54565,2343020,Aspirin 75mg dispersible tablets (Lloyds Pharmacy Ltd),Aspirin,75mg,Dispersible tablet,Oral,2090000,Antiplatelet Drugs
2607,70474020,Paynocil Tablet (Beecham Research Laboratories),Aspirin,,Tablet,Oral,02090000/04070100,Antiplatelet Drugs/Non-opioid And Compound Analgesics
58347,2370020,Clopidogrel 75mg tablets (DE Pharmaceuticals),Clopidogrel,75mg,Tablet,Oral,2090000,Antiplatelet Drugs
36521,75811020,Aspirin 500mg modified-release tablets,Aspirin,500mg,Modified Release Tablet,Oral,02090000/04070100,Antiplatelet Drugs/Non-opioid And Compound Analgesics
33320,66537020,Aspirin 75mg Dispersible tablet (Sovereign Medical Ltd),Aspirin,75mg,Dispersible tablet,Oral,2090000,Antiplatelet Drugs
34666,56222020,Aspirin ec 300mg Gastro-resistant tablet (A A H Pharmaceuticals Ltd),Aspirin,300mg,Gastro-resistant tablet,Oral,02090000/04070100,Antiplatelet Drugs/Non-opioid And Compound Analgesics
11977,81582020,Aspro clear maximum strength tablets,Aspirin,500mg,Effervescent tablet,Oral,02090000/04070100,Antiplatelet Drugs/Non-opioid And Compound Analgesics
43060,48762020,Aspirin 300mg Soluble tablet (Celltech Pharma Europe Ltd),Aspirin,300mg,Dispersible tablet,Oral,02090000/04070100,Antiplatelet Drugs/Non-opioid And Compound Analgesics
43530,56938020,Dipyridamole 100mg tablets (Actavis UK Ltd),Dipyridamole,100mg,Tablet,Oral,2090000,Antiplatelet Drugs
2106,51078020,Persantin 100mg tablets (Boehringer Ingelheim Ltd),Dipyridamole,100mg,Tablet,Oral,2090000,Antiplatelet Drugs
25335,79131020,PostMI 75 EC tablets (Ashbourne Pharmaceuticals Ltd),Aspirin,75mg,Gastro-resistant tablet,Oral,02090000/04070100,Antiplatelet Drugs/Non-opioid And Compound Analgesics
64071,67291020,Aspirin powder (J M Loveridge Ltd),Aspirin,1mg/1mg,Not applicable,Route of administration not applicable,02090000/04070100/50030000,Antiplatelet Drugs/Non-opioid And Compound Analgesics/Extemporaneous Item
56996,47188020,Aspirin 75mg dispersible tablets (Waymade Healthcare Plc),Aspirin,75mg,Dispersible tablet,Oral,2090000,Antiplatelet Drugs
49220,8029020,Aspirin 300mg tablets (Kent Pharmaceuticals Ltd),Aspirin,300mg,Tablet,Oral,02090000/04070100,Antiplatelet Drugs/Non-opioid And Compound Analgesics
57585,2364020,Asasantin Retard capsules (Dowelhurst Ltd),Dipyridamole/Aspirin,200mg + 25mg,Modified-release capsule,Oral,2090000,Antiplatelet Drugs
56995,2349020,Aspirin 75mg dispersible tablets (Phoenix Healthcare Distribution Ltd),Aspirin,75mg,Dispersible tablet,Oral,2090000,Antiplatelet Drugs
62334,29731021,Aspirin 300mg caplets (Wockhardt UK Ltd),Aspirin,300mg,Tablet,Oral,02090000/04070100,Antiplatelet Drugs/Non-opioid And Compound Analgesics
9301,52996020,Aspirin 100mg modified-release tablets,Aspirin,100mg,Modified Release Tablet,Oral,2090000,Antiplatelet Drugs
6006,84142020,Nu-Seals 75 gastro-resistant tablets (Alliance Pharmaceuticals Ltd),Aspirin,75mg,Gastro-resistant tablet,Oral,02090000/04070100,Antiplatelet Drugs/Non-opioid And Compound Analgesics
31938,57868020,Aspirin 75mg gastro-resistant tablets (Sandoz Ltd),Aspirin,75mg,Gastro-resistant tablet,Oral,2090000,Antiplatelet Drugs
33662,56283020,Aspirin 300mg Dispersible tablet (A A H Pharmaceuticals Ltd),Aspirin,300mg,Dispersible tablet,Oral,02090000/04070100,Antiplatelet Drugs/Non-opioid And Compound Analgesics
47992,59946020,Aspirin 75mg gastro-resistant tablets (A A H Pharmaceuticals Ltd),Aspirin,75mg,Gastro-resistant tablet,Oral,2090000,Antiplatelet Drugs
56883,47189020,Aspirin 75mg tablets (Waymade Healthcare Plc),Aspirin,75mg,Tablet,Oral,2090000,Antiplatelet Drugs
29848,70467020,Aspirin 300mg with Glycine 150mg chewable tablets,Aspirin,300mg + 150mg,Chewable Tablet,Oral,02090000/04070100,Antiplatelet Drugs/Non-opioid And Compound Analgesics
10031,85731020,Aspirin 25mg with Dipyridamole 200mg modified-release capsules,Dipyridamole/Aspirin,25mg + 200mg,Modified Release Capsules,Oral,2090000,Antiplatelet Drugs
52280,78796020,Aspirin 300mg Tablet (Wockhardt UK Ltd),Aspirin,300mg,Tablet,Oral,02090000/04070100,Antiplatelet Drugs/Non-opioid And Compound Analgesics
3832,84256020,Persantin Retard 200mg capsules (Boehringer Ingelheim Ltd),Dipyridamole,200mg,Modified-release capsule,Oral,2090000,Antiplatelet Drugs
34797,59503020,Aspirin 75mg gastro-resistant tablets (Actavis UK Ltd),Aspirin,75mg,Gastro-resistant tablet,Oral,2090000,Antiplatelet Drugs
50926,2341020,Aspirin 75mg dispersible tablets (The Boots Company Plc),Aspirin,75mg,Dispersible tablet,Oral,2090000,Antiplatelet Drugs
40381,51008020,Aspirin 75mg Soluble tablet (C P Pharmaceuticals Ltd),Aspirin,75mg,Dispersible tablet,Oral,2090000,Antiplatelet Drugs
8186,70462020,Aspirin 300mg modified-release tablets,Aspirin,300mg,Modified-release tablet,Oral,02090000/04070100,Antiplatelet Drugs/Non-opioid And Compound Analgesics
53751,2380020,Clopidogrel 75mg tablets (Phoenix Healthcare Distribution Ltd),Clopidogrel,75mg,Tablet,Oral,2090000,Antiplatelet Drugs
54526,8030020,Aspirin 300mg tablets (Alliance Healthcare (Distribution) Ltd),Aspirin,300mg,Tablet,Oral,02090000/04070100,Antiplatelet Drugs/Non-opioid And Compound Analgesics
23932,81581020,Aspro Clear 300mg effervescent tablets (Bayer Plc),Aspirin,300mg,Effervescent tablet,Oral,02090000/04070100,Antiplatelet Drugs/Non-opioid And Compound Analgesics
48974,2354020,Aspirin 75mg tablets (Phoenix Healthcare Distribution Ltd),Aspirin,75mg,Tablet,Oral,2090000,Antiplatelet Drugs
34611,51009020,Aspirin 75mg gastro-resistant tablets (C P Pharmaceuticals Ltd),Aspirin,75mg,Gastro-resistant tablet,Oral,2090000,Antiplatelet Drugs
31870,54361020,Aspirin 320mg tablets,Aspirin,320mg,Tablets,Oral,02090000/04070100,Antiplatelet Drugs/Non-opioid And Compound Analgesics
56736,47552020,Aspirin 300mg tablets (Waymade Healthcare Plc),Aspirin,300mg,Tablet,Oral,02090000/04070100,Antiplatelet Drugs/Non-opioid And Compound Analgesics
46891,396021,Clopidogrel 75mg/5ml oral suspension,Clopidogrel hydrogen sulfate,15mg/1ml,Oral suspension,Oral,2090000,Antiplatelet Drugs
6696,77773020,Micropirin 75mg gastro-resistant tablets (Dexcel-Pharma Ltd),Aspirin,75mg,Gastro-resistant tablet,Oral,02090000/04070100,Antiplatelet Drugs/Non-opioid And Compound Analgesics
38998,94936020,Plavix 300mg tablets (Sanofi),Clopidogrel hydrogen sulfate,300mg,Tablet,Oral,2090000,Antiplatelet Drugs
31211,56282020,Aspirin 75mg Dispersible tablet (A A H Pharmaceuticals Ltd),Aspirin,75mg,Dispersible tablet,Oral,2090000,Antiplatelet Drugs
59470,20734021,Persantin Retard 200mg capsules (Consilient Health Ltd),Dipyridamole,200mg,Modified-release capsule,Oral,2090000,Antiplatelet Drugs
58331,75319020,Aspirin 300mg gastro-resistant tablets (Mylan Ltd),Aspirin,300mg,Gastro-resistant tablet,Oral,02090000/04070100,Antiplatelet Drugs/Non-opioid And Compound Analgesics
64222,19755020,Dipyridamole 50mg/5ml oral solution,Dipyridamole,10mg/1ml,Oral solution,Oral,2090000,Antiplatelet Drugs
63603,50070020,Laboprin Tablet (Laboratories For Applied Biology Ltd),Aspirin,300mg,Tablet,Oral,02090000/04070100,Antiplatelet Drugs/Non-opioid And Compound Analgesics
41766,95905020,Maximum Strength Aspro Clear 500mg effervescent tablets (Bayer Plc),Aspirin,500mg,Effervescent tablet,Oral,02090000/04070100,Antiplatelet Drugs/Non-opioid And Compound Analgesics
689,51077020,Persantin 25mg tablets (Boehringer Ingelheim Ltd),Dipyridamole,25mg,Tablet,Oral,2090000,Antiplatelet Drugs
657,86989020,Aspirin 500mg granules sachets sugar free,Aspirin,500mg,Granules,Oral,02090000/04070100,Antiplatelet Drugs/Non-opioid And Compound Analgesics
31192,70664020,Vasyrol cold sore 25mg Tablet (Shire Pharmaceuticals Ltd),Dipyridamole,25mg,Tablet,Oral,2090000,Antiplatelet Drugs
3,52994020,Aspirin 75mg dispersible tablets,Aspirin,75mg,Dispersible tablet,Oral,2090000,Antiplatelet Drugs
23878,83262020,Nu-seals cardio ec 75mg Gastro-resistant tablet (Genus Pharmaceuticals Ltd),Aspirin,75mg,Gastro-resistant tablet,Oral,2090000,Antiplatelet Drugs
21921,75686020,Postmi ec 300mg Gastro-resistant tablet (Ashbourne Pharmaceuticals Ltd),Aspirin,300mg,Gastro-resistant tablet,Oral,02090000/04070100,Antiplatelet Drugs/Non-opioid And Compound Analgesics
51474,59817020,Aspirin 150mg suppositories (Martindale Pharmaceuticals Ltd),Aspirin,150mg,Suppository,Rectal,02090000/04070100,Antiplatelet Drugs/Non-opioid And Compound Analgesics
25284,63356020,Cerebrovase 25mg Tablet (Ashbourne Pharmaceuticals Ltd),Dipyridamole,25mg,Tablet,Oral,2090000,Antiplatelet Drugs
48021,77564020,Aspirin 75mg Tablet (Hillcross Pharmaceuticals Ltd),Aspirin,75mg,Tablet,Oral,2090000,Antiplatelet Drugs
434,70336020,Aspirin 300mg gastro-resistant tablets,Aspirin,300mg,Gastro-resistant tablet,Oral,02090000/04070100,Antiplatelet Drugs/Non-opioid And Compound Analgesics
7516,68709020,Aspirin 300mg effervescent tablets sugar free,Aspirin,300mg,Effervescent tablet,Oral,02090000/04070100,Antiplatelet Drugs/Non-opioid And Compound Analgesics
31956,62304020,Aspirin 75mg gastro-resistant tablets (Kent Pharmaceuticals Ltd),Aspirin,75mg,Gastro-resistant tablet,Oral,2090000,Antiplatelet Drugs
53816,8036020,Aspirin 300mg dispersible tablets (Alliance Healthcare (Distribution) Ltd),Aspirin,300mg,Dispersible tablet,Oral,02090000/04070100,Antiplatelet Drugs/Non-opioid And Compound Analgesics
58448,2381020,Clopidogrel 75mg tablets (Aspire Pharma Ltd),Clopidogrel,75mg,Tablet,Oral,2090000,Antiplatelet Drugs
51561,2360020,Aspirin 75mg gastro-resistant tablets (Zanza Laboratories Ltd),Aspirin,75mg,Gastro-resistant tablet,Oral,2090000,Antiplatelet Drugs
60693,30275020,Aspirin 15mg/5ml oral solution,,,,,02090000/04070100/04070401/10010100,Antiplatelet Drugs/Non-opioid And Compound Analgesics/Treatment Of Acute Migraine/Non-steroidal Anti-inflammatory Drugs
45643,48763020,Aspirin 75mg Soluble tablet (Celltech Pharma Europe Ltd),Aspirin,75mg,Dispersible tablet,Oral,2090000,Antiplatelet Drugs
54700,76842020,Clopidogrel 75mg tablets (A A H Pharmaceuticals Ltd),Clopidogrel,75mg,Tablet,Oral,2090000,Antiplatelet Drugs
56807,76752020,Clopidogrel 75mg tablets (Teva UK Ltd),Clopidogrel,75mg,Tablet,Oral,2090000,Antiplatelet Drugs
23488,48698020,Claradin 300mg Tablet (Nicholas Laboratories Ltd),Aspirin,300mg,Tablet,Oral,02090000/04070100,Antiplatelet Drugs/Non-opioid And Compound Analgesics
23593,79130020,PostMI 75 dispersible tablets (Ashbourne Pharmaceuticals Ltd),Aspirin,75mg,Dispersible tablet,Oral,02090000/04070100,Antiplatelet Drugs/Non-opioid And Compound Analgesics
60321,2330020,Dipyridamole 25mg tablets (Phoenix Healthcare Distribution Ltd),Dipyridamole,25mg,Tablet,Oral,2090000,Antiplatelet Drugs
38536,94008020,Fondaparinux sodium 1.5mg/0.3ml solution for injection pre-filled syringes,Fondaparinux sodium,5mg/1ml,Solution for injection,Subcutaneous,2080100,Parenteral Anticoagulants
42853,53910020,"Heparin calcium 25,000iu/ml Injection",Heparin Calcium,"25,000iu/ml",Injection,,2080100,Parenteral Anticoagulants
16530,88316020,"Fragmin 12,500units/0.5ml solution for injection pre-filled syringes (Pfizer Ltd)",Dalteparin sodium,25000unit/1ml,Solution for injection,Subcutaneous,2080100,Parenteral Anticoagulants
36142,91650020,"Heparin sodium 25,000units/1ml solution for injection ampoules",Heparin sodium,25000unit/1ml,Solution for injection,Subcutaneous/Intravenous,2080100,Parenteral Anticoagulants
60188,16334021,"Heparin sodium 5,000units/1litre infusion bags",,,,,2080100,Parenteral Anticoagulants
27035,63165020,Pump-hep 1000unit/ml Infusion (LEO Pharma),Heparin Sodium,1000unit/ml,Infusion,Intravenous Infusion,2080100,Parenteral Anticoagulants
56398,9750020,"Fragmin 5,000units/0.2ml solution for injection pre-filled syringes (Mawdsley-Brooks & Company Ltd)",Dalteparin sodium,25000unit/1ml,Solution for injection,Subcutaneous,2080100,Parenteral Anticoagulants
36196,91636020,"Heparin sodium 1,000units/1ml solution for injection ampoules",Heparin sodium,1000unit/1ml,Solution for injection,Intravenous,2080100,Parenteral Anticoagulants
19486,88302020,"Dalteparin sodium 7,500units/0.3ml solution for injection pre-filled syringes",Dalteparin sodium,25000unit/1ml,Solution for injection,Subcutaneous,2080100,Parenteral Anticoagulants
33558,71426020,"Monoparin calcium 5,000units/0.2ml solution for injection ampoules (Wockhardt UK Ltd)",Heparin calcium,25000unit/1ml,Solution for injection,Intravenous/Subcutaneous,2080100,Parenteral Anticoagulants
42106,54957020,"Unihep leo 25,000iu/ml Injection (LEO Pharma)",Heparin Sodium,"25,000iu/ml",Injection,,2080100,Parenteral Anticoagulants
17592,87578020,"Innohep 4,500units/0.45ml solution for injection pre-filled syringes (LEO Pharma)",Tinzaparin sodium,10000unit/1ml,Solution for injection,Subcutaneous/Intravenous,2080100,Parenteral Anticoagulants
36911,93934020,"Fragmin 10,000units/1ml solution for injection ampoules (Pfizer Ltd)",Dalteparin sodium,10000unit/1ml,Solution for injection,Subcutaneous/Intravenous,2080100,Parenteral Anticoagulants
44491,91634020,"Heparin sodium 125,000units/5ml solution for injection vials",Heparin sodium,25000unit/1ml,Solution for injection,Subcutaneous/Intravenous,2080100,Parenteral Anticoagulants
9140,54874020,"Dalteparin sodium 10,000units/4ml solution for injection ampoules",Dalteparin sodium,2500unit/1ml,Solution for injection,Subcutaneous/Intravenous,2080100,Parenteral Anticoagulants
63440,60817020,Epoprostenol 500microgram powder and solvent for solution for infusion vials,Epoprostenol sodium,500microgram,Powder and solvent for solution for infusion,Intravenous,2080100,Parenteral Anticoagulants
23573,89132020,Fondaparinux sodium 5mg/0.4ml solution for injection pre-filled syringes,Fondaparinux sodium,12.5mg/1ml,Solution for injection,Subcutaneous,2080100,Parenteral Anticoagulants
63169,44859021,"Innohep 12,000units/0.6ml solution for injection pre-filled syringes (LEO Pharma)",,,,,2080100,Parenteral Anticoagulants
14851,87568020,"Tinzaparin sodium 4,500units/0.45ml solution for injection pre-filled syringes",Tinzaparin sodium,10000unit/1ml,Solution for injection,Subcutaneous/Intravenous,2080100,Parenteral Anticoagulants
21316,87590020,"Innohep 40,000units/2ml solution for injection vials (LEO Pharma)",Tinzaparin sodium,20000unit/1ml,Solution for injection,Subcutaneous,2080100,Parenteral Anticoagulants
20411,81208020,Alphaparin 3000iu/0.5ml Injection (Grifols UK Ltd),Certoparin Sodium,3000iu/0.5ml,Injection,Subcutaneous Injection,2080100,Parenteral Anticoagulants
30108,91616020,Heparin calcium 5000iu/0.2ml Injection,Heparin Calcium,5000iu/0.2ml,Injection,Subcutaneous Injection,2080100,Parenteral Anticoagulants
10194,88306020,"Dalteparin sodium 12,500units/0.5ml solution for injection pre-filled syringes",Dalteparin sodium,25000unit/1ml,Solution for injection,Subcutaneous,2080100,Parenteral Anticoagulants
3895,73282020,Heparin sodium 1000iu/ml Injection,Heparin Sodium,1000iu/ml,Injection,,2080100,Parenteral Anticoagulants
25195,87654020,"Heparin sodium 25,000iu/ml pre-filled Injection",Heparin Sodium,"25,000iu/ml",Injection,,2080100,Parenteral Anticoagulants
10533,58274020,"Calciparine 25,000iu/ml Injection (Sanofi-Synthelabo Ltd)",Heparin Calcium,"25,000iu/ml",Injection,Subcutaneous Injection,2080100,Parenteral Anticoagulants
17049,87596020,"Innohep 18,000units/0.9ml solution for injection pre-filled syringes (LEO Pharma)",Tinzaparin sodium,20000unit/1ml,Solution for injection,Subcutaneous,2080100,Parenteral Anticoagulants
2677,74023020,Clexane 100mg/ml Injection (Aventis Pharma),Enoxaparin Sodium,100mg/ml,Injection,Subcutaneous Deep Injection,2080100,Parenteral Anticoagulants
10072,88314020,"Fragmin 10,000units/0.4ml solution for injection pre-filled syringes (Pfizer Ltd)",Dalteparin sodium,25000unit/1ml,Solution for injection,Subcutaneous,2080100,Parenteral Anticoagulants
35941,91638020,"Heparin sodium 5,000units/5ml solution for injection ampoules",Heparin sodium,1000unit/1ml,Solution for injection,Intravenous,2080100,Parenteral Anticoagulants
7307,87676020,Clexane 40mg/0.4ml solution for injection pre-filled syringes (Sanofi),Enoxaparin sodium,100mg/1ml,Solution for injection,Intraarterial/Subcutaneous,2080100,Parenteral Anticoagulants
14341,91199020,Clexane Forte 150mg/1ml solution for injection pre-filled syringes (Sanofi),Enoxaparin sodium,150mg/1ml,Solution for injection,Subcutaneous,2080100,Parenteral Anticoagulants
20010,67842020,"Uniparin calcium 25,000iu/ml Subcutaneous injection (C P Pharmaceuticals Ltd)",Heparin Calcium,"25,000iu/ml",Subcutaneous Injection,,2080100,Parenteral Anticoagulants
20154,91193020,Enoxaparin sodium 100mg/1ml solution for injection pre-filled syringes,Enoxaparin sodium,100mg/1ml,Solution for injection,Intraarterial/Subcutaneous,2080100,Parenteral Anticoagulants
49578,2272020,"Dalteparin sodium 10,000units/1ml solution for injection pre-filled syringes",Dalteparin sodium,10000unit/1ml,Solution for injection,Subcutaneous,2080100,Parenteral Anticoagulants
22428,75575020,"Dalteparin sodium 100,000units/4ml solution for injection vials",Dalteparin sodium,25000unit/1ml,Solution for injection,Subcutaneous,2080100,Parenteral Anticoagulants
11372,73292020,Heparin 100iu/ml Flush solution,Heparin Sodium,100iu/ml,Flush Solution,,2080100,Parenteral Anticoagulants
4995,74027020,Enoxaparin 100mg/ml injection,Enoxaparin Sodium,100mg/ml,Injection,,2080100,Parenteral Anticoagulants
44238,75975020,Heparin 50 iu/5ml Flush solution (Wockhardt UK Ltd),Heparin Sodium,50 Iu/5ml,Flush Solution,,2080100,Parenteral Anticoagulants
33307,91644020,"Heparin sodium 5,000units/1ml solution for injection ampoules",Heparin sodium,5000unit/1ml,Solution for injection,Subcutaneous/Intravenous,2080100,Parenteral Anticoagulants
14099,70688020,Clexane forte 150mg/ml Injection (Aventis Pharma),Enoxaparin Sodium,150mg/ml,Injection,Subcutaneous Deep Injection,2080100,Parenteral Anticoagulants
16476,88320020,"Fragmin 18,000units/0.72ml solution for injection pre-filled syringes (Pfizer Ltd)",Dalteparin sodium,25000unit/1ml,Solution for injection,Subcutaneous,2080100,Parenteral Anticoagulants
25287,54952020,Unihep leo 1000unit/ml Injection (LEO Pharma),Heparin Sodium,1000unit/ml,Injection,,2080100,Parenteral Anticoagulants
4888,71593020,Heplok 10 iu/ml Oral solution (LEO Pharma),Heparin Sodium,10 Iu/ml,Oral Solution,,2080100,Parenteral Anticoagulants
45911,94010020,Arixtra 1.5mg/0.3ml solution for injection pre-filled syringes (Aspen Pharma Trading Ltd),Fondaparinux sodium,5mg/1ml,Solution for injection,Subcutaneous,2080100,Parenteral Anticoagulants
59761,73368020,"Heparin sodium 1,000units/1ml solution for injection ampoules (Wockhardt UK Ltd)",Heparin sodium,1000unit/1ml,Solution for injection,Intravenous,2080100,Parenteral Anticoagulants
13210,87670020,Enoxaparin sodium 80mg/0.8ml solution for injection pre-filled syringes,Enoxaparin sodium,100mg/1ml,Solution for injection,Intraarterial/Subcutaneous,2080100,Parenteral Anticoagulants
38327,89140020,Arixtra 7.5mg/0.6ml solution for injection pre-filled syringes (Aspen Pharma Trading Ltd),Fondaparinux sodium,12.5mg/1ml,Solution for injection,Subcutaneous,2080100,Parenteral Anticoagulants
52841,2267020,"Heparin calcium 5,000units/0.2ml solution for injection ampoules",Heparin calcium,25000unit/1ml,Solution for injection,Intravenous/Subcutaneous,2080100,Parenteral Anticoagulants
14308,87588020,"Tinzaparin sodium 18,000units/0.9ml solution for injection pre-filled syringes",Tinzaparin sodium,20000unit/1ml,Solution for injection,Subcutaneous,2080100,Parenteral Anticoagulants
55604,74751020,Orgaran 750units/0.6ml solution for injection ampoules (Aspen Pharma Trading Ltd),Danaparoid sodium,1250unit/1ml,Solution for injection,Subcutaneous/Intravenous,2080100,Parenteral Anticoagulants
51642,39295020,Clexane 100mg/1ml solution for injection pre-filled syringes (Lexon (UK) Ltd),Enoxaparin sodium,100mg/1ml,Solution for injection,Intraarterial/Subcutaneous,2080100,Parenteral Anticoagulants
14138,87668020,Enoxaparin sodium 60mg/0.6ml solution for injection pre-filled syringes,Enoxaparin sodium,100mg/1ml,Solution for injection,Intraarterial/Subcutaneous,2080100,Parenteral Anticoagulants
55096,9749020,"Fragmin 5,000units/0.2ml solution for injection pre-filled syringes (Waymade Healthcare Plc)",Dalteparin sodium,25000unit/1ml,Solution for injection,Subcutaneous,2080100,Parenteral Anticoagulants
36617,88688020,Angiox 250mg powder for solution for injection vials (The Medicines Company UK Ltd),Bivalirudin,250mg,Powder for solution for injection,Intravenous,2080100,Parenteral Anticoagulants
52004,2263020,"Fragmin 12,500units/0.5ml solution for injection pre-filled syringes (Waymade Healthcare Plc)",Dalteparin sodium,25000unit/1ml,Solution for injection,Subcutaneous,2080100,Parenteral Anticoagulants
54234,37216020,"Heparin sodium 1,000units/500ml infusion Viaflex bags (Baxter Healthcare Ltd)",Heparin sodium,2unit/1ml,Infusion,Intravenous,2080100,Parenteral Anticoagulants
26146,73245020,"Heparin low molecular weight 10,000 iu/ml Sterile solution",Dalteparin Sodium,"10,000 Iu/ml",Sterile Solution,,2080100,Parenteral Anticoagulants
13270,87672020,Enoxaparin sodium 120mg/0.8ml solution for injection pre-filled syringes,Enoxaparin sodium,150mg/1ml,Solution for injection,Subcutaneous,2080100,Parenteral Anticoagulants
7199,87666020,Enoxaparin sodium 40mg/0.4ml solution for injection pre-filled syringes,Enoxaparin sodium,100mg/1ml,Solution for injection,Intraarterial/Subcutaneous,2080100,Parenteral Anticoagulants
36172,93583020,Clexane 300mg/3ml solution for injection multidose vials (Sanofi),Enoxaparin sodium,100mg/1ml,Solution for injection,Intravenous/Intraarterial/Subcutaneous,2080100,Parenteral Anticoagulants
17004,87564020,"Tinzaparin sodium 20,000units/2ml solution for injection vials",Tinzaparin sodium,10000unit/1ml,Solution for injection,Subcutaneous/Intravenous,2080100,Parenteral Anticoagulants
37616,73289020,Heparin sodium 10 unit/ml Solution,Heparin Sodium,10 Unit/ml,Solution,,2080100,Parenteral Anticoagulants
62856,44858021,"Tinzaparin sodium 12,000units/0.6ml solution for injection pre-filled syringes",,,,,2080100,Parenteral Anticoagulants
56166,37981020,Heparin sodium 100units/1ml solution for injection ampoules,,,,,2080100,Parenteral Anticoagulants
21365,57897020,Uniparin 5000iu/0.2ml Injection (C P Pharmaceuticals Ltd),Heparin Sodium,5000iu/0.2ml,Injection,,2080100,Parenteral Anticoagulants
29207,57360020,Innohep 5000iu/0.5ml Sterile solution (LEO Pharma),Tinzaparin Sodium,5000iu/0.5ml,Sterile Solution,,2080100,Parenteral Anticoagulants
55565,2293020,Clexane 100mg/1ml solution for injection pre-filled syringes (DE Pharmaceuticals),Enoxaparin sodium,100mg/1ml,Solution for injection,Intraarterial/Subcutaneous,2080100,Parenteral Anticoagulants
14110,87584020,"Tinzaparin sodium 10,000units/0.5ml solution for injection pre-filled syringes",Tinzaparin sodium,20000unit/1ml,Solution for injection,Subcutaneous,2080100,Parenteral Anticoagulants
6860,88318020,"Fragmin 15,000units/0.6ml solution for injection pre-filled syringes (Pfizer Ltd)",Dalteparin sodium,25000unit/1ml,Solution for injection,Subcutaneous,2080100,Parenteral Anticoagulants
61949,89136020,Fondaparinux sodium 10mg/0.8ml solution for injection pre-filled syringes,Fondaparinux sodium,12.5mg/1ml,Solution for injection,Subcutaneous,2080100,Parenteral Anticoagulants
10170,88308020,"Dalteparin sodium 15,000units/0.6ml solution for injection pre-filled syringes",Dalteparin sodium,25000unit/1ml,Solution for injection,Subcutaneous,2080100,Parenteral Anticoagulants
7154,87682020,Clexane Forte 120mg/0.8ml solution for injection pre-filled syringes (Sanofi),Enoxaparin sodium,150mg/1ml,Solution for injection,Subcutaneous,2080100,Parenteral Anticoagulants
50994,37213020,Heparin sodium 500units/500ml infusion bags,,,,,2080100,Parenteral Anticoagulants
9593,75576020,Dalteparin 25000iu/ml injection solution,Dalteparin Sodium,25000 Iu/ml,Injection Solution,,2080100,Parenteral Anticoagulants
40715,63677020,Heparin 100iu/ml Oral solution (LEO Pharma),Heparin Sodium,100iu/ml,Oral Solution,,2080100,Parenteral Anticoagulants
30396,54953020,Unihep leo 5000iu/ml Injection (LEO Pharma),Heparin Sodium,5000iu/ml,Injection,,2080100,Parenteral Anticoagulants
28593,87650020,Heparin sodium 1000iu/ml pre-filled Injection,Heparin Sodium,1000iu/ml,Injection,,2080100,Parenteral Anticoagulants
38839,89138020,Arixtra 5mg/0.4ml solution for injection pre-filled syringes (Aspen Pharma Trading Ltd),Fondaparinux sodium,12.5mg/1ml,Solution for injection,Subcutaneous,2080100,Parenteral Anticoagulants
28506,57494020,Heparin low molecular weight 3500 iu/0.3ml Sterile solution,Tinzaparin Sodium,3500 Iu/0.3ml,Sterile Solution,,2080100,Parenteral Anticoagulants
37678,91648020,"Heparin sodium 5,000units/0.2ml solution for injection ampoules",Heparin sodium,25000unit/1ml,Solution for injection,Subcutaneous/Intravenous,2080100,Parenteral Anticoagulants
5998,73237020,"Fragmin 10,000 iu/ml Solution for injection (Pfizer Ltd)",Dalteparin Sodium,"10,000 Iu/ml",Solution For Injection,Subcutaneous Injection,2080100,Parenteral Anticoagulants
13058,74028020,Enoxaparin 150mg/ml injection,Enoxaparin Sodium,150mg/ml,Injection,,2080100,Parenteral Anticoagulants
37131,91632020,"Heparin sodium 25,000units/5ml solution for injection vials",Heparin sodium,5000unit/1ml,Solution for injection,Subcutaneous/Intravenous,2080100,Parenteral Anticoagulants
19989,87582020,"Tinzaparin sodium 40,000units/2ml solution for injection vials",Tinzaparin sodium,20000unit/1ml,Solution for injection,Subcutaneous,2080100,Parenteral Anticoagulants
6695,54876020,"Dalteparin sodium 2,500units/0.2ml solution for injection pre-filled syringes",Dalteparin sodium,12500unit/1ml,Solution for injection,Subcutaneous,2080100,Parenteral Anticoagulants
13663,75893020,Innohep 20000 iu/ml Injection (LEO Pharma),Tinzaparin Sodium,20000 Iu/ml,Injection,Subcutaneous Injection,2080100,Parenteral Anticoagulants
31148,53551020,Flolan 500microgram powder and solvent for solution for infusion vials (GlaxoSmithKline UK Ltd),Epoprostenol sodium,500microgram,Powder and solvent for solution for infusion,Intravenous,2080100,Parenteral Anticoagulants
9605,75574020,"Dalteparin sodium 5,000units/0.2ml solution for injection pre-filled syringes",Dalteparin sodium,25000unit/1ml,Solution for injection,Subcutaneous,2080100,Parenteral Anticoagulants
63571,44861021,"Innohep 16,000units/0.8ml solution for injection pre-filled syringes (LEO Pharma)",,,,,2080100,Parenteral Anticoagulants
10044,88304020,"Dalteparin sodium 10,000units/0.4ml solution for injection pre-filled syringes",Dalteparin sodium,25000unit/1ml,Solution for injection,Subcutaneous,2080100,Parenteral Anticoagulants
36989,93936020,"Fragmin 10,000units/1ml solution for injection pre-filled syringes (Pfizer Ltd)",Dalteparin sodium,10000unit/1ml,Solution for injection,Subcutaneous,2080100,Parenteral Anticoagulants
21233,87572020,"Innohep 20,000units/2ml solution for injection vials (LEO Pharma)",Tinzaparin sodium,10000unit/1ml,Solution for injection,Subcutaneous/Intravenous,2080100,Parenteral Anticoagulants
53350,37215020,"Heparin sodium 1,000units/500ml infusion bags",,,,,2080100,Parenteral Anticoagulants
60041,74748020,Danaparoid sodium 750units/0.6ml solution for injection ampoules,Danaparoid sodium,1250unit/1ml,Solution for injection,Subcutaneous/Intravenous,2080100,Parenteral Anticoagulants
13568,73288020,"Heparin sodium 25,000iu/ml Subcutaneous injection",Heparin Sodium,"25,000iu/ml",Subcutaneous Injection,,2080100,Parenteral Anticoagulants
24896,73246020,Heparin low molecular weight 2500 iu/0.2ml Sterile solution,Dalteparin Sodium,2500iu/0.2ml,Sterile Solution,,2080100,Parenteral Anticoagulants
37613,91640020,"Heparin sodium 10,000units/10ml solution for injection ampoules",Heparin sodium,1000unit/1ml,Solution for injection,Intravenous,2080100,Parenteral Anticoagulants
5747,71650020,"Fragmin 25,000iu/ml Solution for injection (Pfizer Ltd)",Dalteparin Sodium,"25,000iu/ml",Solution For Injection,Subcutaneous Injection,2080100,Parenteral Anticoagulants
50391,2264020,"Fragmin 18,000units/0.72ml solution for injection pre-filled syringes (Waymade Healthcare Plc)",Dalteparin sodium,25000unit/1ml,Solution for injection,Subcutaneous,2080100,Parenteral Anticoagulants
8664,73283020,Heparin sodium 5000iu/ml Injection,Heparin Sodium,5000iu/ml,Injection,,2080100,Parenteral Anticoagulants
48673,2266020,"Dalteparin sodium 10,000units/1ml solution for injection ampoules",Dalteparin sodium,10000unit/1ml,Solution for injection,Subcutaneous/Intravenous,2080100,Parenteral Anticoagulants
27325,87580020,"Innohep 2,500units/0.25ml solution for injection pre-filled syringes (LEO Pharma)",Tinzaparin sodium,10000unit/1ml,Solution for injection,Intravenous/Subcutaneous,2080100,Parenteral Anticoagulants
19337,57889020,"Multiparin 125,000units/5ml solution for injection vials (Wockhardt UK Ltd)",Heparin sodium,25000unit/1ml,Solution for injection,Subcutaneous/Intravenous,2080100,Parenteral Anticoagulants
35033,91630020,"Heparin sodium 5,000units/5ml solution for injection vials",Heparin sodium,1000unit/1ml,Solution for injection,Subcutaneous/Intravenous,2080100,Parenteral Anticoagulants
64998,60818020,Epoprostenol 1.5mg powder and solvent for solution for infusion vials,Epoprostenol sodium,1.5mg,Powder and solvent for solution for infusion,Intravenous,2080100,Parenteral Anticoagulants
15293,87652020,Heparin sodium 5000iu/ml pre-filled Injection,Heparin Sodium,5000iu/ml,Injection,,2080100,Parenteral Anticoagulants
20153,91195020,Enoxaparin sodium 150mg/1ml solution for injection pre-filled syringes,Enoxaparin sodium,150mg/1ml,Solution for injection,Subcutaneous,2080100,Parenteral Anticoagulants
20028,57887020,"Multiparin 5,000units/5ml solution for injection vials (Wockhardt UK Ltd)",Heparin sodium,1000unit/1ml,Solution for injection,Subcutaneous/Intravenous,2080100,Parenteral Anticoagulants
64581,44863021,"Innohep 8,000units/0.4ml solution for injection pre-filled syringes (LEO Pharma)",Tinzaparin sodium,20000unit/1ml,Solution for injection,Subcutaneous,2080100,Parenteral Anticoagulants
37704,50417020,"Minihep 25,000iu/ml Subcutaneous preparation (LEO Pharma)",Heparin Sodium,"25,000iu/ml",Subcutaneous Preparation,,2080100,Parenteral Anticoagulants
5526,73238020,"Fragmin 2,500units/0.2ml solution for injection pre-filled syringes (Pfizer Ltd)",Dalteparin sodium,12500unit/1ml,Solution for injection,Subcutaneous,2080100,Parenteral Anticoagulants
37086,93581020,Enoxaparin sodium 300mg/3ml solution for injection vials,Enoxaparin Sodium,300mg/3ml,Injection,Subcutaneous Deep Injection,2080100,Parenteral Anticoagulants
14794,57892020,Monoparin 1000iu/ml Injection (C P Pharmaceuticals Ltd),Heparin Sodium,1000iu/ml,Injection,Intravenous Injection,2080100,Parenteral Anticoagulants
20024,68229020,"Uniparin forte 10,000 iu/0.4ml Subcutaneous injection (C P Pharmaceuticals Ltd)",Heparin Sodium,"10,000 Iu/0.4ml",Subcutaneous Injection,,2080100,Parenteral Anticoagulants
54927,37217020,"Heparin sodium 2,000units/1,000ml infusion bags",,,,,2080100,Parenteral Anticoagulants
29318,73244020,Heparin low molecular weight 2500 iu/ml Sterile solution,Dalteparin Sodium,2500 Iu/ml,Sterile Solution,,2080100,Parenteral Anticoagulants
62959,2268020,"Heparin calcium 5,000units/0.2ml solution for injection ampoules (A A H Pharmaceuticals Ltd)",Heparin calcium,25000unit/1ml,Solution for injection,Intravenous/Subcutaneous,2080100,Parenteral Anticoagulants
23570,89134020,Fondaparinux sodium 7.5mg/0.6ml solution for injection pre-filled syringes,Fondaparinux sodium,12.5mg/1ml,Solution for injection,Subcutaneous,2080100,Parenteral Anticoagulants
2675,73236020,"Fragmin 10,000units/4ml solution for injection ampoules (Pfizer Ltd)",Dalteparin sodium,2500unit/1ml,Solution for injection,Subcutaneous/Intravenous,2080100,Parenteral Anticoagulants
9640,52033020,Tinzaparin 10000 IU/ml Injection,Tinzaparin Sodium,10000 Iu/ml,Injection,,2080100,Parenteral Anticoagulants
29043,84673020,Arixtra 2.5mg/0.5ml solution for injection pre-filled syringes (Aspen Pharma Trading Ltd),Fondaparinux sodium,5mg/1ml,Solution for injection,Intravenous/Subcutaneous,2080100,Parenteral Anticoagulants
14788,87592020,"Innohep 10,000units/0.5ml solution for injection pre-filled syringes (LEO Pharma)",Tinzaparin sodium,20000unit/1ml,Solution for injection,Subcutaneous,2080100,Parenteral Anticoagulants
13097,87674020,Clexane 20mg/0.2ml solution for injection pre-filled syringes (Sanofi),Enoxaparin sodium,100mg/1ml,Solution for injection,Intraarterial/Subcutaneous,2080100,Parenteral Anticoagulants
17484,57361020,"Innohep 10,000 IU/ml Injection (LEO Pharma)",Tinzaparin Sodium,"10,000 Iu/ml",Injection,Subcutaneous Injection,2080100,Parenteral Anticoagulants
51006,2291020,Clexane 80mg/0.8ml solution for injection pre-filled syringes (DE Pharmaceuticals),Enoxaparin sodium,100mg/1ml,Solution for injection,Intraarterial/Subcutaneous,2080100,Parenteral Anticoagulants
10240,87586020,"Tinzaparin sodium 14,000units/0.7ml solution for injection pre-filled syringes",Tinzaparin sodium,20000unit/1ml,Solution for injection,Subcutaneous,2080100,Parenteral Anticoagulants
18209,88312020,"Fragmin 7,500units/0.3ml solution for injection pre-filled syringes (Pfizer Ltd)",Dalteparin sodium,25000unit/1ml,Solution for injection,Subcutaneous,2080100,Parenteral Anticoagulants
10004,87680020,Clexane 80mg/0.8ml solution for injection pre-filled syringes (Sanofi),Enoxaparin sodium,100mg/1ml,Solution for injection,Intraarterial/Subcutaneous,2080100,Parenteral Anticoagulants
17791,81245020,Innohep 5000iu/5ml Sterile solution (LEO Pharma),Tinzaparin Sodium,5000iu/5ml,Sterile Solution,,2080100,Parenteral Anticoagulants
17007,87570020,"Tinzaparin sodium 2,500units/0.25ml solution for injection pre-filled syringes",Tinzaparin sodium,10000unit/1ml,Solution for injection,Intravenous/Subcutaneous,2080100,Parenteral Anticoagulants
2676,71648020,"Fragmin 5,000units/0.2ml solution for injection pre-filled syringes (Pfizer Ltd)",Dalteparin sodium,25000unit/1ml,Solution for injection,Subcutaneous,2080100,Parenteral Anticoagulants
17664,87678020,Clexane 60mg/0.6ml solution for injection pre-filled syringes (Sanofi),Enoxaparin sodium,100mg/1ml,Solution for injection,Intraarterial/Subcutaneous,2080100,Parenteral Anticoagulants
10532,52793020,Minihep calcium 5000iu/0.2ml Injection (LEO Pharma),Heparin Calcium,5000iu/0.2ml,Injection,,2080100,Parenteral Anticoagulants
10002,54875020,Dalteparin 10000iu/1ml injection solution,Dalteparin Sodium,10000 Iu/1ml,Injection Solution,Subcutaneous Injection,2080100,Parenteral Anticoagulants
63297,67623020,"Heparin sodium 5,000units/5ml solution for injection vials (LEO Pharma)",Heparin sodium,1000unit/1ml,Solution for injection,Subcutaneous/Intravenous,2080100,Parenteral Anticoagulants
45597,86690020,Lepirudin 50mg powder for solution for injection vials,Lepirudin,50mg,Powder for solution for injection,Intravenous,2080100,Parenteral Anticoagulants
20029,57888020,"Multiparin 25,000units/5ml solution for injection vials (Wockhardt UK Ltd)",Heparin sodium,5000unit/1ml,Solution for injection,Subcutaneous/Intravenous,2080100,Parenteral Anticoagulants
15709,57467020,Tinzaparin 3500 IU/0.3ml Sterile solution,Tinzaparin Sodium,3500 Iu/0.3ml,Sterile Solution,,2080100,Parenteral Anticoagulants
12974,74024020,Clexane 150mg/ml Injection (Aventis Pharma),Enoxaparin Sodium,150mg/ml,Injection,Subcutaneous Injection,2080100,Parenteral Anticoagulants
29317,57468020,Tinzaparin 5000 i.u./0.5ml Sterile solution,Tinzaparin Sodium,5000 I.u./0.5ml,Sterile Solution,,2080100,Parenteral Anticoagulants
14891,88310020,"Dalteparin sodium 18,000units/0.72ml solution for injection pre-filled syringes",Dalteparin sodium,25000unit/1ml,Solution for injection,Subcutaneous,2080100,Parenteral Anticoagulants
21490,57893020,Monoparin 5000iu/ml Injection (C P Pharmaceuticals Ltd),Heparin Sodium,5000iu/ml,Injection,Subcutaneous Injection,2080100,Parenteral Anticoagulants
19280,87594020,"Innohep 14,000units/0.7ml solution for injection pre-filled syringes (LEO Pharma)",Tinzaparin sodium,20000unit/1ml,Solution for injection,Subcutaneous,2080100,Parenteral Anticoagulants
23579,77866020,Fondaparinux sodium 2.5mg/0.5ml solution for injection pre-filled syringes,Fondaparinux sodium,5mg/1ml,Solution for injection,Intravenous/Subcutaneous,2080100,Parenteral Anticoagulants
47397,91646020,"Heparin sodium 25,000units/5ml solution for injection ampoules",Heparin sodium,5000unit/1ml,Solution for injection,Subcutaneous/Intravenous,2080100,Parenteral Anticoagulants
16061,87576020,"Innohep 3,500units/0.35ml solution for injection pre-filled syringes (LEO Pharma)",Tinzaparin sodium,10000unit/1ml,Solution for injection,Intravenous/Subcutaneous,2080100,Parenteral Anticoagulants
63101,44862021,"Tinzaparin sodium 8,000units/0.4ml solution for injection pre-filled syringes",,,,,2080100,Parenteral Anticoagulants
25155,71649020,"Fragmin 100,000units/4ml solution for injection vials (Pfizer Ltd)",Dalteparin sodium,25000unit/1ml,Solution for injection,Subcutaneous,2080100,Parenteral Anticoagulants
63146,91642020,"Heparin sodium 20,000units/20ml solution for injection ampoules",Heparin sodium,1000unit/1ml,Solution for injection,Intravenous,2080100,Parenteral Anticoagulants
13716,73287020,"Heparin sodium 25,000iu/ml Injection",Heparin Sodium,"25,000iu/ml",Injection,,2080100,Parenteral Anticoagulants
11117,54960020,Hep-flush 100iu/ml Oral solution (LEO Pharma),Heparin Sodium,100iu/ml,Oral Solution,,2080100,Parenteral Anticoagulants
12681,81560020,"Heparin calcium 25,000iu/ml Injection",Heparin Calcium,"25,000iu/ml",Injection,,2080100,Parenteral Anticoagulants
64559,2234020,"Heparin sodium 1,000units/1ml solution for injection ampoules (A A H Pharmaceuticals Ltd)",Heparin sodium,1000unit/1ml,Solution for injection,Intravenous,2080100,Parenteral Anticoagulants
64969,2279020,Clexane 20mg/0.2ml solution for injection pre-filled syringes (Sigma Pharmaceuticals Plc),Enoxaparin sodium,100mg/1ml,Solution for injection,Intraarterial/Subcutaneous,2080100,Parenteral Anticoagulants
55490,73284020,"Heparin sodium 10,000 iu/ml Injection",Heparin Sodium,"10,000 Iu/ml",Injection,,2080100,Parenteral Anticoagulants
32645,53913020,"Heparin sodium 25,000iu/ml Injection",Heparin Sodium,"25,000iu/ml",Injection,,2080100,Parenteral Anticoagulants
6478,87662020,Enoxaparin sodium 20mg/0.2ml solution for injection pre-filled syringes,Enoxaparin sodium,100mg/1ml,Solution for injection,Intraarterial/Subcutaneous,2080100,Parenteral Anticoagulants
32511,81243020,Tinzaparin 5000 i.u./5ml Sterile solution,Tinzaparin Sodium,5000 I.u./5ml,Sterile Solution,,2080100,Parenteral Anticoagulants
9610,79398020,Tinzaparin 20000 iu/ml Injection,Tinzaparin Sodium,20000 Iu/ml,Injection,,2080100,Parenteral Anticoagulants
7371,91197020,Clexane 100mg/1ml solution for injection pre-filled syringes (Sanofi),Enoxaparin sodium,100mg/1ml,Solution for injection,Intraarterial/Subcutaneous,2080100,Parenteral Anticoagulants
3744,73293020,Heparin 10 iu/ml Flush solution,Heparin Sodium,10 Iu/ml,Flush Solution,,2080100,Parenteral Anticoagulants
51350,2265020,"Fragmin 15,000units/0.6ml solution for injection pre-filled syringes (Waymade Healthcare Plc)",Dalteparin sodium,25000unit/1ml,Solution for injection,Subcutaneous,2080100,Parenteral Anticoagulants
21518,57894020,"Monoparin 25,000iu/ml Injection (C P Pharmaceuticals Ltd)",Heparin Sodium,"25,000iu/ml",Injection,Subcutaneous Injection,2080100,Parenteral Anticoagulants
64133,2271020,"Heparin sodium 5,000units/0.2ml solution for injection ampoules (A A H Pharmaceuticals Ltd)",Heparin sodium,25000unit/1ml,Solution for injection,Subcutaneous/Intravenous,2080100,Parenteral Anticoagulants
62902,44860021,"Tinzaparin sodium 16,000units/0.8ml solution for injection pre-filled syringes",,,,,2080100,Parenteral Anticoagulants
18732,57359020,Innohep 3500 iu/0.3ml Sterile solution (LEO Pharma),Tinzaparin Sodium,3500 Iu/0.3ml,Sterile Solution,,2080100,Parenteral Anticoagulants
14212,87566020,"Tinzaparin sodium 3,500units/0.35ml solution for injection pre-filled syringes",Tinzaparin sodium,10000unit/1ml,Solution for injection,Intravenous/Subcutaneous,2080100,Parenteral Anticoagulants
62310,41332020,Warfarin 500microgram tablets (AMCo),Warfarin sodium,500microgram,Tablet,Oral,2080200,Oral Anticoagulants
31937,55826020,Warfarin 5mg tablets (Teva UK Ltd),Warfarin sodium,5mg,Tablet,Oral,2080200,Oral Anticoagulants
55316,20945020,Warfarin 3mg/5ml oral suspension,Warfarin sodium,600microgram/1ml,Oral suspension,Oral,2080200,Oral Anticoagulants
44866,99253020,Warfarin sodium 1mg/ml oral supension SF,Warfarin Sodium,1mg/ml,Oral Suspension Sugar-free,Oral,2080200,Oral Anticoagulants
58594,46753020,Eliquis 5mg tablets (Bristol-Myers Squibb Pharmaceuticals Ltd),Apixaban,5mg,Tablet,Oral,2080200,Oral Anticoagulants
34417,55825020,Warfarin 3mg tablets (Teva UK Ltd),Warfarin sodium,3mg,Tablet,Oral,2080200,Oral Anticoagulants
56640,39230020,Xarelto 15mg tablets (Bayer Plc),,,,,2080200,Oral Anticoagulants
34418,62805020,Warfarin 5mg tablets (Mylan Ltd),Warfarin sodium,5mg,Tablet,Oral,2080200,Oral Anticoagulants
1781,65439020,Warfarin 5mg tablets,Warfarin sodium,5mg,Tablet,Oral,2080200,Oral Anticoagulants
43655,91752020,Warfarin sodium oral solution,Warfarin Sodium,,Oral Liquid,Oral,2080200,Oral Anticoagulants
34864,55897020,Warfarin 5mg tablets (IVAX Pharmaceuticals UK Ltd),Warfarin sodium,5mg,Tablet,Oral,2080200,Oral Anticoagulants
8466,54866020,Marevan 1mg tablets (AMCo),Warfarin sodium,1mg,Tablet,Oral,2080200,Oral Anticoagulants
56289,39232020,Xarelto 20mg tablets (Bayer Plc),,,,,2080200,Oral Anticoagulants
36099,93666020,Warfarin 1mg/5ml oral suspension,Warfarin sodium,200microgram/1ml,Oral suspension,Oral,2080200,Oral Anticoagulants
4446,60995020,Acenocoumarol 1mg tablets,Acenocoumarol,1mg,Tablet,Oral,2080200,Oral Anticoagulants
13348,54868020,Marevan 5mg tablets (AMCo),Warfarin sodium,5mg,Tablet,Oral,2080200,Oral Anticoagulants
30202,52500020,Warfarin wbp 1mg Tablet (Boehringer Ingelheim Ltd),Warfarin sodium,1mg,Tablet,Oral,2080200,Oral Anticoagulants
13644,54848020,Dindevan 25mg Tablet (Goldshield Pharmaceuticals Ltd),Phenindione,25mg,Tablet,Oral,2080200,Oral Anticoagulants
58519,17195021,Warfarin 1mg tablets (DE Pharmaceuticals),Warfarin sodium,1mg,Tablet,Oral,2080200,Oral Anticoagulants
48070,96752020,Warfarin sodium tablets,Warfarin Sodium,,Tablets,Oral,2080200,Oral Anticoagulants
59400,2311020,Warfarin 500microgram tablets (Sigma Pharmaceuticals Plc),Warfarin sodium,500microgram,Tablet,Oral,2080200,Oral Anticoagulants
54946,57162020,Warfarin 3mg tablets (Actavis UK Ltd),Warfarin sodium,3mg,Tablet,Oral,2080200,Oral Anticoagulants
42474,94835020,Pradaxa 75mg capsules (Boehringer Ingelheim Ltd),Dabigatran etexilate mesilate,75mg,Capsule,Oral,2080200,Oral Anticoagulants
34299,55824020,Warfarin 1mg tablets (Teva UK Ltd),Warfarin sodium,1mg,Tablet,Oral,2080200,Oral Anticoagulants
38044,94825020,Warfarin 5mg/5ml oral solution,Warfarin sodium,1mg/1ml,Oral solution,Oral,2080200,Oral Anticoagulants
56314,63429020,Warfarin 3mg tablets (Kent Pharmaceuticals Ltd),Warfarin sodium,3mg,Tablet,Oral,2080200,Oral Anticoagulants
47944,57161020,Warfarin 1mg tablets (Actavis UK Ltd),Warfarin sodium,1mg,Tablet,Oral,2080200,Oral Anticoagulants
50000,41649020,Warfarin 1mg/ml oral suspension sugar free (A A H Pharmaceuticals Ltd),Warfarin sodium,1mg/1ml,Oral suspension,Oral,2080200,Oral Anticoagulants
45,65437020,Warfarin 1mg tablets,Warfarin sodium,1mg,Tablet,Oral,2080200,Oral Anticoagulants
13505,65648020,Phenindione 10mg tablets,Phenindione,10mg,Tablet,Oral,2080200,Oral Anticoagulants
34019,55895020,Warfarin 1mg tablets (IVAX Pharmaceuticals UK Ltd),Warfarin sodium,1mg,Tablet,Oral,2080200,Oral Anticoagulants
48869,37790020,Warfarin 1mg/ml oral suspension sugar free,,,,,2080200,Oral Anticoagulants
23078,51984020,Warfarin 1mg Tablet (WB Pharmaceuticals Ltd),Warfarin sodium,1mg,Tablet,Oral,2080200,Oral Anticoagulants
46924,62256020,Phenindione 10mg tablets (AMCo),Phenindione,10mg,Tablet,Oral,2080200,Oral Anticoagulants
8467,54867020,Marevan 3mg tablets (AMCo),Warfarin sodium,3mg,Tablet,Oral,2080200,Oral Anticoagulants
64678,53104021,Edoxaban 60mg tablets,,,,,2080200,Oral Anticoagulants
34576,59540020,Warfarin 1mg Tablet (Lagap),Warfarin sodium,1mg,Tablet,Oral,2080200,Oral Anticoagulants
54451,39231020,Rivaroxaban 20mg tablets,,,,,2080200,Oral Anticoagulants
15376,60996020,Acenocoumarol 4mg tablets,Acenocoumarol,4mg,Tablets,Oral,2080200,Oral Anticoagulants
54892,37791020,Warfarin 1mg/ml oral suspension sugar free (Alliance Healthcare (Distribution) Ltd),,,,,2080200,Oral Anticoagulants
13501,54849020,Dindevan 50mg Tablet (Goldshield Pharmaceuticals Ltd),Phenindione,50mg,Tablet,Oral,2080200,Oral Anticoagulants
55577,2314020,Sinthrome 1mg tablets (Lexon (UK) Ltd),Acenocoumarol,1mg,Tablet,Oral,2080200,Oral Anticoagulants
48966,39229020,Rivaroxaban 15mg tablets,,,,,2080200,Oral Anticoagulants
61,65438020,Warfarin 3mg tablets,Warfarin sodium,3mg,Tablet,Oral,2080200,Oral Anticoagulants
65285,47991021,Warfarin 1mg tablets (Crescent Pharma Ltd),Warfarin sodium,1mg,Tablet,Oral,2080200,Oral Anticoagulants
47566,345021,Apixaban 2.5mg tablets,Apixaban,2.5mg,Tablet,Oral,2080200,Oral Anticoagulants
6262,84736020,Warfarin 500microgram tablets,Warfarin sodium,500microgram,Tablet,Oral,2080200,Oral Anticoagulants
65247,53102021,Edoxaban 30mg tablets,Edoxaban tosilate,30mg,Tablet,Oral,2080200,Oral Anticoagulants
60949,20948020,Warfarin 5mg/5ml oral suspension,Warfarin sodium,1mg/1ml,Oral suspension,Oral,2080200,Oral Anticoagulants
63071,9950020,Warfarin 4mg tablets,Warfarin sodium,4mg,Tablet,Oral,2080200,Oral Anticoagulants
51484,2298020,Warfarin 1mg tablets (Bristol Laboratories Ltd),Warfarin sodium,1mg,Tablet,Oral,2080200,Oral Anticoagulants
13502,54847020,Dindevan 10mg Tablet (Goldshield Pharmaceuticals Ltd),Phenindione,10mg,Tablet,Oral,2080200,Oral Anticoagulants
53740,347021,Eliquis 2.5mg tablets (Bristol-Myers Squibb Pharmaceuticals Ltd),Apixaban,2.5mg,Tablet,Oral,2080200,Oral Anticoagulants
31511,51985020,Warfarin 3mg Tablet (WB Pharmaceuticals Ltd),Warfarin sodium,3mg,Tablet,Oral,2080200,Oral Anticoagulants
34517,62803020,Warfarin 1mg tablets (Mylan Ltd),Warfarin sodium,1mg,Tablet,Oral,2080200,Oral Anticoagulants
46678,253021,Pradaxa 150mg capsules (Boehringer Ingelheim Ltd),Dabigatran etexilate mesilate,150mg,Capsule,Oral,2080200,Oral Anticoagulants
43409,56202020,Warfarin 5mg tablets (A A H Pharmaceuticals Ltd),Warfarin sodium,5mg,Tablet,Oral,2080200,Oral Anticoagulants
51509,38963020,Warfarin 1mg tablets (APC Pharmaceuticals & Chemicals (Europe) Ltd),Warfarin sodium,1mg,Tablet,Oral,2080200,Oral Anticoagulants
34416,63426020,Warfarin 1mg tablets (Kent Pharmaceuticals Ltd),Warfarin sodium,1mg,Tablet,Oral,2080200,Oral Anticoagulants
39444,94831020,Dabigatran etexilate 110mg capsules,Dabigatran Etexilate Mesilate,110mg,Capsules,Oral,2080200,Oral Anticoagulants
33711,51986020,Warfarin 5mg Tablet (WB Pharmaceuticals Ltd),Warfarin sodium,5mg,Tablet,Oral,2080200,Oral Anticoagulants
39639,95937020,Xarelto 10mg tablets (Bayer Plc),Rivaroxaban,10mg,Tablet,Oral,2080200,Oral Anticoagulants
34086,50811020,Warfarin 3mg Tablet (Celltech Pharma Europe Ltd),Warfarin sodium,3mg,Tablet,Oral,2080200,Oral Anticoagulants
60589,72795020,Warfarin 500microgram tablets (Actavis UK Ltd),Warfarin sodium,500microgram,Tablet,Oral,2080200,Oral Anticoagulants
40143,65390020,Warfarin 500microgram tablets (A A H Pharmaceuticals Ltd),Warfarin sodium,500microgram,Tablet,Oral,2080200,Oral Anticoagulants
58962,17196021,Warfarin 3mg tablets (DE Pharmaceuticals),Warfarin sodium,3mg,Tablet,Oral,2080200,Oral Anticoagulants
13504,65649020,Phenindione 25mg tablets,Phenindione,25mg,Tablet,Oral,2080200,Oral Anticoagulants
39755,94837020,Pradaxa 110mg capsules (Boehringer Ingelheim Ltd),Dabigatran Etexilate Mesilate,110mg,Capsules,Oral,2080200,Oral Anticoagulants
34088,50812020,Warfarin 5mg Tablet (Celltech Pharma Europe Ltd),Warfarin sodium,5mg,Tablet,Oral,2080200,Oral Anticoagulants
46632,251021,Dabigatran etexilate 150mg capsules,Dabigatran Etexilate Mesilate,150mg,Capsules,Oral,2080200,Oral Anticoagulants
17965,77096020,Marevan 500microgram tablets (AMCo),Warfarin sodium,500microgram,Tablet,Oral,2080200,Oral Anticoagulants
43408,56200020,Warfarin 1mg tablets (A A H Pharmaceuticals Ltd),Warfarin sodium,1mg,Tablet,Oral,2080200,Oral Anticoagulants
833,89966020,Warfarin 3mg/5ml oral solution,Warfarin sodium,600microgram/1ml,Oral solution,Oral,2080200,Oral Anticoagulants
34087,50810020,Warfarin 1mg Tablet (Celltech Pharma Europe Ltd),Warfarin sodium,1mg,Tablet,Oral,2080200,Oral Anticoagulants
59578,2303020,Warfarin 3mg tablets (Phoenix Healthcare Distribution Ltd),Warfarin sodium,3mg,Tablet,Oral,2080200,Oral Anticoagulants
39119,95923020,Rivaroxaban 10mg tablets,Rivaroxaban,10mg,Tablet,Oral,2080200,Oral Anticoagulants
51496,2299020,Warfarin 1mg tablets (Phoenix Healthcare Distribution Ltd),Warfarin sodium,1mg,Tablet,Oral,2080200,Oral Anticoagulants
62309,2309020,Warfarin 500microgram tablets (Kent Pharmaceuticals Ltd),Warfarin sodium,500microgram,Tablet,Oral,2080200,Oral Anticoagulants
5305,51558020,Sinthrome 1mg tablets (Merus Labs Luxco S.a R.L.),Acenocoumarol,1mg,Tablet,Oral,2080200,Oral Anticoagulants
38041,94827020,Warfarin sodium 5mg/ml oral suspension,Warfarin Sodium,5mg/5ml,Oral Suspension,Oral,2080200,Oral Anticoagulants
57032,77754020,Warfarin 1mg/ml oral suspension sugar free (Rosemont Pharmaceuticals Ltd),,,,,2080200,Oral Anticoagulants
64500,40546021,Xarelto 2.5mg tablets (Bayer Plc),Rivaroxaban,2.5mg,Tablet,Oral,2080200,Oral Anticoagulants
34691,62856020,Warfarin 5mg Tablet (Regent Laboratories Ltd),Warfarin sodium,5mg,Tablet,Oral,2080200,Oral Anticoagulants
53752,2297020,Warfarin 1mg tablets (Alliance Healthcare (Distribution) Ltd),Warfarin sodium,1mg,Tablet,Oral,2080200,Oral Anticoagulants
34095,52502020,Warfarin wbp 5mg Tablet (Boehringer Ingelheim Ltd),Warfarin sodium,5mg,Tablet,Oral,2080200,Oral Anticoagulants
58787,2305020,Warfarin 5mg tablets (Alliance Healthcare (Distribution) Ltd),Warfarin sodium,5mg,Tablet,Oral,2080200,Oral Anticoagulants
62150,40545021,Rivaroxaban 2.5mg tablets,Rivaroxaban,2.5mg,Tablet,Oral,2080200,Oral Anticoagulants
34526,62804020,Warfarin 3mg tablets (Mylan Ltd),Warfarin sodium,3mg,Tablet,Oral,2080200,Oral Anticoagulants
15006,51559020,Sinthrome 4mg Tablet (Alliance Pharmaceuticals Ltd),Acenocoumarol,4mg,Tablet,Oral,2080200,Oral Anticoagulants
39866,68098020,Warfarin 1mg tablets (Almus Pharmaceuticals Ltd),Warfarin sodium,1mg,Tablet,Oral,2080200,Oral Anticoagulants
34758,55896020,Warfarin 3mg tablets (IVAX Pharmaceuticals UK Ltd),Warfarin sodium,3mg,Tablet,Oral,2080200,Oral Anticoagulants
34918,57163020,Warfarin 5mg tablets (Actavis UK Ltd),Warfarin sodium,5mg,Tablet,Oral,2080200,Oral Anticoagulants
30203,52501020,Warfarin wbp 3mg Tablet (Boehringer Ingelheim Ltd),Warfarin sodium,3mg,Tablet,Oral,2080200,Oral Anticoagulants
43407,56201020,Warfarin 3mg tablets (A A H Pharmaceuticals Ltd),Warfarin sodium,3mg,Tablet,Oral,2080200,Oral Anticoagulants
54066,46752020,Apixaban 5mg tablets,Apixaban,5mg,Tablet,Oral,2080200,Oral Anticoagulants
39503,94833020,Dabigatran etexilate 75mg capsules,Dabigatran etexilate mesilate,75mg,Capsule,Oral,2080200,Oral Anticoagulants
53745,2302020,Warfarin 3mg tablets (Bristol Laboratories Ltd),Warfarin sodium,3mg,Tablet,Oral,2080200,Oral Anticoagulants
13503,65650020,Phenindione 50mg tablets,Phenindione,50mg,Tablet,Oral,2080200,Oral Anticoagulants
56315,28117020,Anticoagulant Citrate Dextrose Solution formula A infusion 500ml bags,,,,,2080000,Anticoagulants And Protamine
64315,28118020,Anticoagulant solution ACD-A 500ml bags (Haemonetics Ltd),Sodium citrate/Glucose monohydrate/Citric acid monohydrate,22gram/1litre + 24.5gram/1litre + 8gram/1litre,Liquid,Route of administration not applicable,2080000,Anticoagulants And Protamine
